{
  "version": 1,
  "author": "DrMikeB",
  "editor": "wokwi",
  "parts": [
    {
      "type": "board-esp32-devkit-c-v4",
      "id": "esp",
      "top": 0,
      "left": -4.76,
      "attrs": { "builder": "esp-idf" }
    },
    { "type": "wokwi-led", "id": "led1", "top": 44.4, "left": 176.6, "attrs": { "color": "red" } },
    {
      "type": "wokwi-resistor",
      "id": "r1",
      "top": 157.55,
      "left": 134.4,
      "attrs": { "value": "220" }
    },
    { "type": "wokwi-photoresistor-sensor", "id": "ldr1", "top": 80, "left": -277.6, "attrs": {} },
    {
      "type": "wokwi-pushbutton",
      "id": "btn1",
      "top": -41.8,
      "left": -172.8,
      "attrs": { "color": "green", "xray": "1" }
    }
  ],
  "connections": [
    [ "esp:TX", "$serialMonitor:RX", "", [] ],
    [ "esp:RX", "$serialMonitor:TX", "", [] ],
    [ "led1:C", "esp:GND.3", "black", [ "v0" ] ],
    [ "led1:A", "r1:2", "green", [ "v0" ] ],
    [ "r1:1", "esp:2", "green", [ "v0" ] ],
    [ "ldr1:VCC", "esp:3V3", "red", [ "h28.8", "v-67.2" ] ],
    [ "ldr1:GND", "esp:CMD", "black", [ "h38.4", "v86" ] ],
    [ "ldr1:AO", "esp:32", "green", [ "h48", "v-39.1" ] ],
    [ "esp:GND.1", "btn1:2.r", "black", [ "h0" ] ],
    [ "esp:4", "btn1:1.r", "green", [ "h67.2", "v-192" ] ]
  ],
  "dependencies": {}
}